"","Df","SumOfSqs","R2","F","Pr(>F)"
"Group",1,0.113979868252874,0.054570533428552,0.981246196661965,0.403596403596404
"Residual",17,1.97469072174797,0.945429466571448,NA,NA
"Total",18,2.08867059000084,1,NA,NA
